Column1,Column2,Column3
7909.398,1782.133
8078.505,771.9029
7465.065,811.4871999999999
9129.304,808.6211
8127.135,379.9365
8713.825,810.6943
8886.793,951.2687
8481.898,333.9769
7441.363,785.077
9824.816,574.3435
8070.283,307.867
8659.698,305.4343
7268.635,812.1712
9.850878,361.93559999999997
8346.328,1449.443
9266.112,558.9965
8019.328,1258.18
9095.845,709.1136
8043.38,501.96040000000005
8877.055,1304.19
9020.348,273.7045
8217.989,1000.466
8301.963,1772.998
9011.592,1042.876
9066.482,434.7643
8619.071,797.4216
8625.812,590.4666
8706.628,1504.353
8555.165,1375.073
9255.554,815.3133
8875.735,842.2968000000001
7879.614,924.8018000000001
8607.135,612.3851
9679.639,205.7205
8389.66,1756.607
8342.588,942.3100999999999
8500.456,662.1865
8552.892,377.1447
8245.656,916.5348
9413.305,853.8775
7916.034,747.8008000000001
8283.936,967.3535
8770.3,406.2446
7914.308,905.5901
9941.456,610.8748
8514.583,781.5638
8219.359,1237.639
8450.648,744.3543000000001
8334.758,766.7547
8339.572,395.7965
8970.335,324.619
9038.67,891.5317
9310.008,1293.19
9876.018,749.2157
8761.351,218.0229
7708.738,1395.943
8426.751,806.6094
8973.675,600.2238000000001
8659.698,305.4343
8215.72,793.0191
9533.026,490.78659999999996
9397.831,891.0991
8791.713,564.4365
9326.451,1198.446
8501.899,462.2089
8729.75,1387.019
6986.257,468.0602
7882.304,1201.719
8070.283,307.867
8718.645,312.5981
9188.037,1123.964
7844.64,488.702
9063.331,836.2066
7915.614,244.3824
8412.105,291.2692
8739.01,606.7218
8852.966,477.5055
8945.55,301.9507
9841.207,564.1295
8611.854,394.3528
9046.797,917.836
8726.599,291.74490000000003
10.01255,717.6968
9431.3,929.3050999999999
8911.083,1129.847
8528.299,952.9799
8535.458,788.685
8326.853,189.5145
8755.134,1042.1
7966.735,1420.574
8627.073,1138.991
8783.073,241.5554
8586.086,581.8688000000001
9711.592,339.9645
8728.215,629.6118
8413.581,1043.471
7875.48,1087.954
8992.998,264.07120000000003
8202.75,773.3211
8301.963,1772.998
8723.991,325.58140000000003
8069.947,896.3296
9131.844,174.3499
9209.925,601.4323
8381.839,531.4845
7548.736,411.8823
8417.793,689.3853
8786.977,915.8644
8766.929,590.0663000000001
9453.446,497.0515
7862.596,1028.483
9286.437,429.02090000000004
8188.336,511.1014
9336.094,380.58459999999997
7421.711,1332.694
8446.801,802.2509
9411.063,1027.484
7354.431,553.1170999999999
8210.078,1323.137
8946.973,756.1678
9036.532,1043.654
9325.045,653.1532
8142.105,767.8331999999999
8135.608,849.8516999999999
9615.037,372.0457
8427.83,405.7989
9002.918,295.96479999999997
9395.732,1078.999
8615.699,686.6251
8494.088,471.5295
7912.454,310.9156
9096.103,596.4837
9262.56,613.2487
8611.854,394.3528
9456.279,881.1288000000001
8490.965,559.0880999999999
9.967378,488.268
7230.37,1064.843
7602.828,1283.29
9870.182,361.6639
8703.374,1113.024
9613.929,865.8194
8253.411,1043.508
9310.081,755.1305
8839.764,995.2506
9851.179,377.7477
8065.88,874.3848
9273.478,349.93109999999996
8640.172,1399.068
8920.249,198.92829999999998
6556.903,1112.918
9060.572,598.9356
9851.179,377.7477
8489.802,653.8064
8388.416,507.2143
8070.283,307.867
8356.818,890.7953
8587.279,976.8765
9.809921000000001,408.0337
8146.941,831.4329
8263.677,406.5016
8306.723,922.987
8837.187,584.1722
9463.824,667.1034000000001
8641.807,1083.444
8629.997,514.4533
9814.784,966.0564
7844.439,1048.495
8183.779,279.6667
9311.909,319.74359999999996
7912.454,310.9156
8583.191,335.7037
9269.502,611.9162
8777.688,508.4107
8767.439,325.2808
8216.167,553.428
8774.018,1175.09
9575.145,1196.611
9257.298,857.6911
7840.793,1032.722
8482.145,569.2018
9311.909,319.74359999999996
8630.338,847.9935
8101.557,1191.937
8793.517,1089.339
9152.933,444.77479999999997
9490.51,700.6205
9074.936,594.3255
8740.572,577.0731
8818.502,881.8805
10.03936,372.61859999999996
8946.403,705.7937
9435.761,332.835
8798.043,181.7262
8246.332,210.7836
8414.969,317.13870000000003
8100.428,500.87440000000004
9281.681,393.37359999999995
8496.666,491.74109999999996
8685.307,848.8305
9249.217,296.8708
9271.536,342.7288
9491.397,601.6320999999999
8756.075,603.39
9511.045,559.2026999999999
8745.469,1571.249
8006.471,717.2002
9230.972,314.21509999999995
8051.887,1410.627
9935.789,391.86240000000004
8844.834,919.813
8283.326,1735.142
9315.167,557.3401
9188.349,940.379
8721.132,985.9631999999999
9718.262,920.9266
8772.588,483.1904
8599.874,1167.109
8853.592,251.1503
8789.632,1011.008
8511.854,1180.926
9986.758,329.579
8929.374,940.4421
8146.941,831.4329
8245.656,916.5348
9209.966,1091.941
7469.606,922.93
8175.789,487.2422
9057.007,317.6009
7972.568,1998.549
8709.072,481.1495
7950.924,927.5716
8532.321,714.7085
7813.335,222.8763
9775.22,692.3758
8253.948,300.6046
8210.038,958.5077
8827.929,369.2068
8476.449,672.9946
9175.22,625.5445
8889.124,1683.021
8849.189,1430.237
8587.279,976.8765
8356.4,860.0
8750.102,367.5478
7353.107,643.9846
8273.663,628.7241
8253.411,1043.508
8210.078,1323.137
8303.42,365.1499
9605.437,1016.529
8128.179,633.018
9026.699,373.93109999999996
7902.153,840.4408000000001
8592.064,620.9983000000001
8462.495,1036.75
9020.348,273.7045
8863.807,502.9883
9835.608,758.7135
9002.918,295.96479999999997
8438.163,768.9433
8267.214,842.2610999999999
8355.798,1411.791
10.026489999999999,795.1571
9062.026,764.898
8680.664,649.2777
8180.559,604.6153
9808.737,173.801
9811.8,311.1005
8713.38,577.8279
8667.013,845.2248000000001
8894.146,871.694
8038.302,748.3766999999999
8640.972,941.504
9493.254,701.7095
8143.679,847.8143
8726.599,291.74490000000003
9.89607,321.2302
8707.717,1115.198
8665.602,549.8326
8879.522,276.9405
9603.198,253.3199
8950.193,777.7681
7862.596,1028.483
9389.747,580.7727
8600.087,274.7067
8968.399,1133.268
9773.931,220.5008
8257.097,891.7351
10.2477,437.84729999999996
8572.131,436.68129999999996
9229.718,404.7207
9638.366,1105.183
7782.755,1231.04
8078.171,436.3361
8600.242,725.7416999999999
9126.33,1159.872
7817.83,848.6555
8070.583,1233.854
8839.764,995.2506
8145.247,726.4453000000001
9742.844,254.9776
8054.246,652.7433000000001
9527.096,888.1078
9243.593,745.5315
8078.725,490.4417
9255.554,815.3133
9394.757,330.5899
9882.28,206.6976
8541.322,617.5688
7642.186,1095.079
7842.656,1265.9
9334.245,762.2805
7734.044,1197.515
8428.15,602.1045
9680.859,989.5015999999999
9441.136,700.1053
9653.744,581.2219
8743.797,594.7985
9319.862,917.8295
7776.921,359.13329999999996
9266.569,743.0363000000001
9796.859,596.4716
9658.747,320.8105
7532.653,518.7701
9950.063,441.333
7394.669,1052.739
8041.86,1019.574
7729.954,285.6565
8115.818,1334.14
9.915181,470.67240000000004
7885.442,722.4961
8548.407,847.0446999999999
7962.687,575.9445
9561.111,459.96029999999996
8885.13,236.52470000000002
9229.035,618.5709
8832.157,625.5023
8884.047,1399.109
9466.687,450.766
9482.573,386.02959999999996
9882.28,206.6976
9426.368,620.682
9297.589,822.2701
9884.177,397.8652
7902.669,790.6993
9185.338,697.988
8116.86,741.4645
8807.907,345.7811
8551.936,556.5058
7386.104,669.1078
8980.925,430.5281
8817.82,1467.091
8786.977,915.8644
8581.502,988.0367
9088.071,589.5664
9556.135,547.9558000000001
8026.358,488.84540000000004
9584.069,363.7277
8591.892,1263.256
9551.938,279.4806
8710.273,441.892
7425.822,1065.294
9319.862,917.8295
9175.665,191.7399
9823.644,907.748
9722.195,700.5009
8647.062,541.8915999999999
9500.828,424.4643
8843.622,1145.137
9010.935,585.3468
8961.658,514.3384
8256.235,224.12
7988.439,657.7498
8856.458,853.9424
8518.992,556.1448
8446.221,1328.333
9491.691,1225.398
9126.339,210.6694
9.967378,488.268
7488.577,760.7075
8655.318,233.19529999999997
8772.783,840.1571
7853.227,895.1869
9334.245,762.2805
8625.812,590.4666
9516.111,735.3535
9070.547,495.71479999999997
8563.805,1007.363
9629.263,550.4626999999999
9.932742000000001,293.5285
9304.167,377.00390000000004
8706.096,740.0843000000001
8883.701,933.6631
8792.685,522.7062999999999
8703.755,294.897
7729.13,1142.634
9223.079,1115.426
9722.195,700.5009
8113.524,356.432
8968.48,1088.347
8013.737,774.4175
8021.283,1036.623
8157.817,801.4569
8803.025,1056.9
10.19624,642.6375
8919.295,917.9818
8535.458,788.685
9394.757,330.5899
9046.618,1082.455
7853.227,895.1869
9453.801,154.4903
8462.219,997.538
8615.934,766.133
8852.71,1205.649
8657.44,451.97409999999996
9463.824,667.1034000000001
8884.047,1399.109
10.014299999999999,327.27479999999997
8924.911,715.1074
8996.143,539.6696
7916.034,747.8008000000001
8615.934,766.133
9272.64,725.7117
7331.427,1264.239
8555.45,649.2538000000001
8627.073,1138.991
8525.288,544.8465
8125.051,1032.535
8599.275,400.7047
9164.814,394.502
7977.861,521.4191
9162.951,903.4764
8456.151,785.4039
8081.002,426.11159999999995
8684.775,758.1006
8583.191,335.7037
8853.152,231.22070000000002
10.08389,152.1464
9872.153,621.3833000000001
8278.761,651.747
9059.35,540.7229
8753.724,1121.009
9445.485,848.7301
9448.637,761.0356999999999
9545.635,977.6834
8744.407,404.78909999999996
8893.814,1223.766
7153.738,467.83840000000004
9036.532,1043.654
8991.271,511.3635
9.868684,393.5623
8956.639,237.2874
8107.748,339.65729999999996
8692.966,424.4259
7230.37,1064.843
8256.235,224.12
8472.068,805.2746999999999
8005.104,1106.993
8473.671,892.4961
7579.748,282.56329999999997
8929.374,940.4421
9063.128,1002.528
8492.056,1062.4
9000.883,987.4649000000001
7272.474,1144.441
8920.606,1056.138
9398.325,201.6004
9033.328,662.6046
8950.193,777.7681
8853.152,231.22070000000002
8493.476,204.75070000000002
8466.836,737.6364
7704.387,392.521
7390.22,1070.216
9242.108,963.8846
8263.886,658.5037
8541.322,617.5688
10.147620000000002,279.5746
10.026489999999999,795.1571
9153.321,1298.034
8482.819,675.0449
9243.593,745.5315
8505.154,240.34429999999998
7909.398,1782.133
7862.596,1028.483
7576.164,1288.744
9528.338,728.8909
9965.216,733.5048
8080.498,1223.714
8865.285,143.8974
8267.214,842.2610999999999
8987.945,1023.302
8924.483,851.494
9042.689,922.3063000000001
8998.887,1138.125
9557.682,491.372
8113.218,676.9714
8992.732,680.7201
7550.385,933.809
9.987305000000001,224.1354
8468.126,1002.81
8846.8,968.4079
9475.296,370.3614
9851.286,386.3745
8920.249,198.92829999999998
9835.608,758.7135
9.962235,197.0251
8489.831,988.3741
8163.4,455.15340000000003
9165.255,551.5586999999999
9728.325,407.8715
9718.262,920.9266
9152.837,715.7461999999999
8439.993,360.0484
8381.839,531.4845
9551.938,279.4806
9419.411,1082.275
8512.852,701.9303000000001
9002.918,295.96479999999997
7958.216,1794.97
9638.842,638.9705
9475.817,1017.327
8847.503,578.105
9.896772,537.5819
8723.422,1069.597
9615.037,372.0457
8130.571,551.2143000000001
8655.492,344.50890000000004
9536.763,627.0649000000001
8381.839,531.4845
8101.557,1191.937
9339.509,994.8318
8163.4,455.15340000000003
8930.739,774.5893000000001
8237.715,698.8391
8426.751,806.6094
8655.842,715.4318000000001
9017.335,660.2061
9289.155,761.8905
9326.489,1291.623
8438.163,768.9433
8987.112,302.73
8355.798,1411.791
9.825704,689.2131999999999
9042.689,922.3063000000001
7731.616,831.0695999999999
8113.524,356.432
8255.953,345.50559999999996
8919.653,413.7733
9282.311,964.3953
9137.382,597.1667
8685.307,848.8305
8299.052,644.7845
8713.825,810.6943
8840.002,865.6345
8446.801,802.2509
8216.484,1006.243
8811.468,488.48290000000003
7844.203,423.2507
9539.227,432.0918
9536.05,418.43059999999997
8097.299,825.3654
8655.842,715.4318000000001
8731.458,406.6834
9463.998,947.446
7702.309,693.2436
8663.661,841.3464
8295.822,802.6723000000001
9821.973,875.7015
7334.194,910.6745999999999
9425.922,1393.996
7863.167,752.3133
8352.974,802.764
8324.431,866.2266999999999
9.927484,214.0731
9374.439,150.09539999999998
7754.941,1050.134
7767.507,482.94
8030.26,354.96509999999995
7084.924,1035.856
8970.648,1224.321
8847.003,233.971
7835.272,795.3061
7784.713,903.3145
8499.308,777.9721
8408.656,711.2778000000001
9447.691,155.0636
9486.366,513.0873
8491.727,960.7012
9832.271,679.6966
9397.268,821.4263000000001
9204.223,694.869
9677.714,862.2995999999999
8038.302,748.3766999999999
6877.8,973.1757
8640.748,1238.26
9681.757,608.0621
9615.037,372.0457
7353.449,1240.237
9728.325,407.8715
8185.834,996.0343
8578.751,1496.409
8666.61,385.8495
8976.243,272.4712
9300.744,562.7748
9.796092,351.4067
8973.675,600.2238000000001
8778.21,612.4907
9229.035,618.5709
9326.451,1198.446
8795.971,249.1555
9.823853,509.14029999999997
8850.903,564.9993000000001
8600.242,725.7416999999999
8967.338,254.09120000000001
8865.885,1780.185
8567.881,301.9316
8651.605,635.8815
8709.324,1473.87
8238.073,240.0242
9.793265,687.2727
9309.5,395.12620000000004
8135.802,520.4522000000001
7980.216,665.3414
8351.705,1115.853
9533.026,490.78659999999996
8270.877,469.65090000000004
8447.353,811.85
7835.125,402.1977
9718.262,920.9266
8832.157,625.5023
9731.092,362.09590000000003
8654.484,1358.379
8706.549,1684.483
9684.986,891.786
8740.43,1055.202
8887.291,629.9354000000001
8532.321,714.7085
8469.636,1021.783
7919.587,1497.636
7343.128,737.1783
8445.387,815.4589
8419.525,450.3432
8877.055,1304.19
8383.284,567.5308
9061.182,995.536
8252.346,272.5926
8543.081,1332.572
9.808767,582.8421
8522.387,542.3639000000001
8624.143,340.0129
7145.52,966.635
9.815265,370.4589
10.143799999999999,291.96
8253.411,1043.508
9209.427,453.1992
8599.821,365.0331
9209.925,601.4323
9717.97,505.2828
9830.147,920.6398
8557.796,1253.409
8746.202,395.8399
8537.353,1292.801
9931.493,233.5592
8119.946,963.6899000000001
7566.2,894.8073
9685.408,199.40879999999999
8341.478,292.4672
8514.583,781.5638
7427.6,1582.958
8289.646,465.636
8592.784,1280.583
9.8349,187.0616
7764.935,966.0643
9244.712,701.1743
9628.015,867.6085
8108.05,384.4194
8924.483,851.494
9681.241,343.62640000000005
9255.554,815.3133
8439.993,360.0484
9171.935,487.2335
8552.392,878.2099000000001
8422.005,571.344
9077.484,1122.26
9527.222,272.29159999999996
7992.496,1305.675
7916.034,747.8008000000001
7055.665,345.59409999999997
9412.35,911.419
9122.525,184.55329999999998
7784.713,903.3145
9555.05,588.6104
9463.824,667.1034000000001
8418.093,558.8465
9249.217,296.8708
7995.237,945.9026
8969.267,525.6925
8035.745,925.6598
9433.268,1397.014
7922.544,792.4502
8507.985,716.3093
8974.915,466.955
9242.108,963.8846
9204.223,694.869
8610.383,474.7007
7272.474,1144.441
8909.333,554.2268
8696.216,415.7143
7336.307,963.0781999999999
8435.446,546.1812
8221.949,208.7662
8655.318,233.19529999999997
8334.758,766.7547
8346.328,1449.443
9179.692,1243.855
9719.674,925.6141
8037.902,615.3496
8475.882,810.8786
8103.585,1114.756
8438.987,1004.215
7663.339,1564.339
9.927484,214.0731
8970.648,1224.321
8083.759,563.5852
7421.711,1332.694
9466.409,342.87559999999996
9608.798,683.9276
7993.468,321.422
9049.831,283.63809999999995
9373.958,183.9026
8078.505,771.9029
8660.322,556.9935
9011.119,499.7379
9230.972,314.21509999999995
9447.691,155.0636
8038.302,748.3766999999999
8548.549,563.1338000000001
8807.761,175.628
9681.757,608.0621
7754.455,450.9796
7784.713,903.3145
9837.986,609.5198
8848.242,636.161
8118.762,1716.037
9913.065,463.4859
9822.166,223.89579999999998
7902.669,790.6993
8510.147,801.7491
8916.41,297.89279999999997
9091.831,1316.843
8078.505,771.9029
9291.963,943.3853
8136.79,862.9716999999999
9397.268,821.4263000000001
9385.032,698.2601
9186.171,576.69
8718.53,291.2733
8240.182,1155.628
7790.923,729.9569
8560.896,670.792
8388.416,507.2143
9335.316,286.61629999999997
8470.614,406.51059999999995
8076.514,883.7106
9436.659,162.1948
7907.819,729.538
9.945672,251.4437
8798.043,181.7262
9557.935,1096.339
8457.624,750.5188
8518.992,556.1448
9114.389,680.488
9935.846,230.58120000000002
8262.096,1194.449
8919.37,1273.334
8852.71,1205.649
8615.41,485.51759999999996
9332.711,907.0113
8435.023,691.2569
8743.058,397.0858
9150.118,1036.744
8661.665,1280.842
9122.525,184.55329999999998
9638.824,704.0125
9.828244,425.8677
7953.916,599.2594
7953.141,1425.497
8310.467,935.9531999999999
8999.253,688.9118000000001
9510.819,307.8249
7835.928,505.9558
9300.744,562.7748
8551.291,849.8668
9986.758,329.579
9255.857,659.6978
9841.207,564.1295
8752.816,273.2761
9011.119,499.7379
7875.48,1087.954
7833.535,1294.32
8827.929,369.2068
8352.587,536.7976
9.783448,662.0341
7698.909,1310.204
8518.992,556.1448
9.965635,503.899
9539.227,432.0918
9324.443,438.2878
9160.908,859.7343000000001
8655.492,344.50890000000004
8884.047,1399.109
8624.143,340.0129
9389.747,580.7727
8982.716,774.5266
8217.989,1000.466
8490.279,756.2199
7353.107,643.9846
9448.637,761.0356999999999
8978.444,970.0244
8602.133,768.2016
8541.761,253.0684
9060.834,512.5975999999999
7896.309,854.0387
7240.04,672.0543
9563.999,336.686
8994.731,431.40409999999997
7839.578,845.7932
7885.483,831.6603
8399.116,369.93059999999997
9315.167,557.3401
7804.025,2114.898
10.026489999999999,795.1571
8355.798,1411.791
9457.402,259.54429999999996
8488.274,850.4631999999999
7582.671,307.331
9613.647,308.3821
8999.253,688.9118000000001
9025.137,915.4227
8472.879,1357.769
8705.084,739.7801
8398.227,826.7764
9183.726,509.4438
9804.285,631.5444
7861.8,1211.678
9.856553,365.77459999999996
8991.271,511.3635
8730.127,760.8566
9.945672,251.4437
9466.751,516.6162
7891.55,1272.97
9705.291,502.2762
9.853477000000002,238.04729999999998
8451.974,825.3216
9256.762,400.0453
8849.883,781.4465
8496.666,491.74109999999996
8821.174,1208.09
8911.083,1129.847
8898.756,813.3224
8991.005,291.35179999999997
7970.519,601.4511
7127.36,208.522
9629.964,622.0509000000001
7617.683,811.3126
10.147620000000002,279.5746
9.945672,251.4437
9673.857,281.8266
8819.494,1524.136
8940.932,1012.91
9.842737999999999,405.4441
8794.605,1420.185
8387.516,1033.689
8118.645,1101.457
7906.445,623.924
8927.439,386.14279999999997
8404.649,1563.433
8699.043,1192.917
8511.765,924.5834
7958.216,1794.97
8407.623,514.0183
9.927826,205.60060000000001
9835.608,758.7135
9042.689,922.3063000000001
8625.812,590.4666
7708.985,1070.162
8954.093,637.4762
8815.998,678.3878000000001
7909.437,1127.403
8286.309,1558.989
9229.035,618.5709
8286.309,1558.989
7879.257,425.5206
8592.784,1280.583
7817.83,848.6555
7787.317,1215.181
9204.092,755.2829
8389.205,895.1168
9605.437,1016.529
7740.367,219.0819
8134.564,848.2368
8393.859,790.3865
8609.317,680.8358000000001
8992.732,680.7201
9042.689,922.3063000000001
8555.219,1051.918
7965.217,897.2596
8183.779,279.6667
9089.23,831.8050999999999
9787.857,699.0712
9057.43,252.0108
9229.035,618.5709
7337.268,684.2368
8982.976,441.47970000000004
9564.208,404.3815
9716.317,767.4983000000001
6986.257,468.0602
7907.819,729.538
8685.307,848.8305
8152.761,259.0198
7704.387,392.521
8381.839,531.4845
8970.335,324.619
9285.503,453.0017
9147.191,779.3969000000001
8755.134,1042.1
8506.289,1031.508
9320.243,351.9722
8312.492,536.2279
9175.665,191.7399
9.793265,687.2727
8381.839,531.4845
7735.371,661.6579
9419.411,1082.275
8903.308,552.8335999999999
8922.977,204.402
8875.735,842.2968000000001
8283.326,1735.142
8126.749,1132.016
9034.628,893.8028
9764.179,355.9496
9373.958,183.9026
7301.503,1214.663
8077.172,419.8969
8878.065,521.7781
8532.154,782.7101
8662.262,926.7813000000001
9417.063,394.223
8303.42,365.1499
8617.762,867.9678
9894.999,305.22270000000003
9152.837,715.7461999999999
8489.802,653.8064
8711.952,1390.187
7929.89,622.6075999999999
9824.816,574.3435
8592.083,698.8813
8703.374,1113.024
7498.912,1264.923
8344.463,766.4665
9114.389,680.488
8308.258,1417.499
9422.783,894.1311999999999
7980.216,665.3414
8499.308,777.9721
9117.125,583.8594
8791.768,413.1669
9165.255,551.5586999999999
8808.077,1136.525
8982.89,880.6776
8655.587,457.1971
9511.354,1167.979
8239.915,401.2017
9.808767,582.8421
9204.092,755.2829
9004.588,808.7846
9234.268,600.8649
9332.711,907.0113
8737.782,573.121
8927.439,386.14279999999997
8662.262,926.7813000000001
9684.986,891.786
8846.8,968.4079
7336.307,963.0781999999999
9382.867,656.7697
9750.283,566.5031
9236.769,468.2749
8504.951,1084.57
8421.487,1050.924
8385.562,755.5691999999999
7847.632,647.6881
8325.534,1007.791
8078.171,436.3361
7313.266,781.9871999999999
8383.284,567.5308
9814.987,492.7876
7844.64,488.702
7572.702,591.6577
7700.951,689.4345999999999
7909.437,1127.403
8767.768,165.38039999999998
9902.1,803.9334
8469.636,1021.783
9935.789,391.86240000000004
9463.998,947.446
8811.762,633.2735
8884.047,1399.109
8017.575,788.3923000000001
8778.21,612.4907
8410.359,1493.698
8603.248,572.9719
8413.581,1043.471
9657.786,174.3498
8299.513,560.2592
9360.437,1040.458
8675.557,470.87559999999996
8514.583,781.5638
8800.756,252.40720000000002
8618.81,246.72070000000002
9198.779,747.4736
8784.976,751.2835
9138.409,852.0586
8342.588,942.3100999999999
8693.11,923.5678
8767.768,165.38039999999998
8815.998,678.3878000000001
9280.221,459.1487
8755.534,807.8951999999999
7916.034,747.8008000000001
8800.756,252.40720000000002
8374.414,340.5525
8877.055,1304.19
8815.998,678.3878000000001
9004.396,1015.11
8653.557,812.8661
8419.945,1106.884
8697.589,234.1658
9148.035,753.3023000000001
8266.97,687.2778000000001
8389.702,606.1556999999999
8795.323,271.95590000000004
8825.051,530.4200999999999
9234.268,600.8649
8408.656,711.2778000000001
7730.681,1167.336
8080.704,534.237
7735.371,661.6579
9723.7,727.8969000000001
9616.112,905.6814
9.799307,568.043
8664.346,1039.947
8991.102,697.7305
7464.51,494.1277
8097.858,1186.725
7317.644,588.493
7313.266,781.9871999999999
9466.983,1042.611
9103.582,1385.298
8924.483,851.494
9312.96,176.1252
9326.451,1198.446
9035.853,690.5485
8494.892,938.8252
8200.885,502.6218
9.81353,349.0375
8109.345,539.9471
8476.449,672.9946
9373.958,183.9026
9456.144,764.341
8410.967,635.8770999999999
9411.733,437.15959999999995
8074.252,1210.073
7421.711,1332.694
8871.931,305.2812
8161.19,498.34459999999996
7567.166,646.5980999999999
7432.084,1002.494
7312.936,461.5088
7268.635,812.1712
8122.984,374.6292
8675.557,470.87559999999996
9.799942,525.1488
9216.776,211.2788
9677.714,862.2995999999999
8426.185,1135.174
8685.26,1033.067
7952.258,1109.479
7813.335,222.8763
8946.403,705.7937
8910.498,1428.218
8629.997,514.4533
7914.308,905.5901
7906.445,623.924
8511.765,924.5834
9434.124,306.3361
9126.339,210.6694
8105.726,880.6178000000001
8310.467,935.9531999999999
9297.589,822.2701
9096.103,596.4837
8941.074,575.8123
8586.086,581.8688000000001
9877.818,449.33759999999995
8976.243,272.4712
8419.525,450.3432
8666.612,1585.407
9851.286,386.3745
9622.642,448.8172
8692.166,1031.26
8834.768,690.0695
7702.309,693.2436
7875.48,1087.954
9288.939,351.0318
7127.36,208.522
8565.321,298.326
9137.382,597.1667
8707.717,1115.198
7322.332,1018.518
8752.816,273.2761
9205.966,594.0222
9.825704,689.2131999999999
7760.647,397.38579999999996
8634.902,321.8506
8664.832,1204.796
8310.987,1119.68
9044.088,552.3643000000001
8335.418,608.6974
7514.827,727.2638000000001
7535.06,1173.8
9266.549,855.7216999999999
9261.576,672.8225
8202.75,773.3211
9443.32,309.4053
8319.63,1021.232
8209.743,1370.53
8541.953,671.6301
8051.887,1410.627
9346.826,1132.014
8978.285,1450.672
9466.49,1106.939
7993.53,627.4752
8357.036,352.4561
9044.088,552.3643000000001
7394.669,1052.739
8852.011,742.8195999999999
8919.37,1273.334
8619.071,797.4216
7815.643,711.7259
7844.439,1048.495
9096.103,596.4837
8671.982,977.513
8185.491,804.2513
9110.931,1137.414
8115.535,536.8888000000001
8070.283,307.867
8578.804,371.1776
8706.096,740.0843000000001
9326.489,1291.623
9550.328,399.57009999999997
8439.661,991.11
9056.413,1028.902
7840.793,1032.722
9357.033,712.8434
8312.521,875.4150999999999
8718.53,291.2733
9285.699,283.9685
9807.735,923.4870999999999
7763.152,847.8546
9991.19,1032.545
9388.297,689.3581999999999
9648.426,819.4390999999999
7988.439,657.7498
9851.286,386.3745
7826.972,1049.937
8537.353,1292.801
8523.041,1380.823
9282.25,813.982
9004.368,556.1105
9373.958,183.9026
9593.667,927.3764
8384.894,803.5408
9931.493,233.5592
8834.768,690.0695
8962.223,1073.947
9266.549,855.7216999999999
8462.983,1300.466
9560.929,298.4555
8477.274,369.26529999999997
8130.571,551.2143000000001
8798.043,181.7262
9806.887,184.9275
8506.785,1176.091
8919.295,917.9818
9555.972,489.7435
9160.384,309.65409999999997
8472.068,805.2746999999999
8881.272,1220.104
8429.401,643.0926
9589.116,637.8098
8102.079,1243.019
9160.719,400.6325
9742.8,1045.278
9713.028,317.0071
9599.45,862.0715
7914.308,905.5901
8031.791,533.5781
8484.92,800.006
8166.187,1121.818
8263.886,658.5037
8552.892,377.1447
9560.608,504.7226
10.35983,474.6452
8916.474,1166.172
7993.53,627.4752
7439.278,957.3405
8411.265,763.3816999999999
9068.114,488.334
8009.316,952.9464
8360.519,553.3259
8389.801,975.8958
7890.812,1441.508
8749.689,1527.998
8880.818,525.8684000000001
7835.272,795.3061
9327.705,618.883
9600.564,697.182
8438.636,710.7735
9255.857,659.6978
8324.431,866.2266999999999
9494.631,295.76279999999997
8383.284,567.5308
8504.951,1084.57
8685.157,972.8451
8683.642,236.3578
9761.595,665.3539000000001
8653.557,812.8661
9601.86,183.744
8078.171,436.3361
8687.184,453.6938
8939.067,869.4390999999999
9019.674,512.9103
8807.846,182.1084
7923.12,591.426
9312.96,176.1252
7441.353,1036.354
8185.125,856.669
9.816503,337.45279999999997
8113.218,676.9714
9090.753,688.0945
8519.658,837.7337
8426.653,235.0576
9293.782,324.8818
8649.377,678.0748000000001
8588.192,521.0659
9443.32,309.4053
6809.917,828.0644
7844.64,488.702
8547.309,1101.122
8472.879,1357.769
9877.818,449.33759999999995
9851.179,377.7477
8919.653,413.7733
9706.696,670.8189
9814.784,966.0564
7472.843,434.7663
7698.909,1310.204
8811.468,488.48290000000003
7875.957,489.0963
8811.707,914.4766999999999
8238.253,754.5081
9117.125,583.8594
8188.807,1169.987
8490.095,730.1376
9860.263,346.136
9035.853,690.5485
7469.606,922.93
8877.055,1304.19
9713.028,317.0071
8104.581,811.4127
8614.88,762.4596
9273.336,278.4151
7990.423,1214.96
9.840798000000001,566.3395
8763.358,684.635
8310.467,935.9531999999999
8980.797,245.539
8558.499,796.0605
8583.365,582.3701
9293.782,324.8818
9175.22,625.5445
9044.088,552.3643000000001
9.851334000000001,345.4693
8279.618,609.3621999999999
8693.11,923.5678
8436.549,882.9639
8139.974,629.7355
8385.562,755.5691999999999
8185.491,804.2513
8387.516,1033.689
10.014299999999999,327.27479999999997
8395.947,1101.632
9.803222,712.3806999999999
9206.544,347.38
8792.123,382.7296
9039.672,504.491
8731.458,406.6834
9679.639,205.7205
8889.542,1080.837
9402.876,630.7013000000001
9640.395,1181.79
8253.948,300.6046
8033.419,1788.991
8221.949,208.7662
8886.793,951.2687
8461.295,1263.809
8472.879,1357.769
8391.543,711.3512
8874.076,331.2538
8739.01,606.7218
7488.577,760.7075
8494.711,871.1374000000001
8851.232,469.8096
8599.874,1167.109
8752.816,273.2761
7784.713,903.3145
8547.177,1669.271
9219.838,1310.285
9175.22,625.5445
9.915181,470.67240000000004
8221.631,393.3265
8382.469,857.8756
8109.345,539.9471
8718.53,291.2733
8494.088,471.5295
8968.48,1088.347
8703.374,1113.024
8161.774,1063.504
9235.676,217.3146
8867.779,1135.318
9110.931,1137.414
8484.92,800.006
8889.565,322.7781
7663.339,1564.339
9114.389,680.488
8694.965,457.5786
7760.647,397.38579999999996
8970.425,682.2908
9945.526,263.7295
9431.606,263.5047
9877.818,449.33759999999995
9675.087,541.8141999999999
9007.857,709.2225
7688.912,1000.961
8157.389,1295.581
9351.048,923.3035
8309.607,800.2934
9163.824,885.3841
8506.289,1031.508
9315.272,503.44329999999997
9713.122,402.2338
7425.822,1065.294
8501.899,462.2089
9793.562,428.699
8792.123,382.7296
10.014299999999999,327.27479999999997
8115.535,536.8888000000001
9838.154,897.6104
9325.045,653.1532
8786.977,915.8644
8573.834,354.1778
8216.167,553.428
9991.19,1032.545
7891.55,1272.97
8743.797,594.7985
8306.117,595.8838000000001
8041.86,1019.574
8485.237,571.7221
8467.075,421.0088
9640.395,1181.79
8521.233,633.4165
7859.335,981.8592
9545.027,553.8371
9309.5,395.12620000000004
8253.635,1120.866
8935.132,999.0435
9173.927,860.8468
8186.81,824.123
8109.289,637.177
9.816503,337.45279999999997
8462.983,1300.466
6968.402,651.2753
7729.13,1142.634
8853.592,251.1503
8596.197,897.6831
9035.853,690.5485
8108.05,384.4194
9243.593,745.5315
9367.935,357.46840000000003
8267.214,842.2610999999999
8456.461,907.8595
9463.824,667.1034000000001
8157.925,1254.746
8684.812,692.0273000000001
8563.203,934.2478000000001
7425.822,1065.294
8466.836,737.6364
9041.954,618.0009
9761.963,428.7452
8410.448,400.1978
7441.363,785.077
8881.362,285.3836
8945.843,276.3397
7875.48,1087.954
9441.136,700.1053
9.967412,281.5752
8588.192,521.0659
7973.328,310.39259999999996
8852.011,742.8195999999999
8261.105,310.07140000000004
8118.762,1716.037
9055.155,619.5356999999999
8184.841,737.9598000000001
8762.83,578.4176
7145.52,966.635
7940.772,524.1132
9491.691,1225.398
9076.969,1128.878
6913.374,852.5903000000001
8644.298,1211.84
8344.463,766.4665
7244.025,266.858
8956.639,237.2874
7535.559,873.3947
10.09141,323.5161
8898.221,361.6103
9564.208,404.3815
8631.088,389.1489
8739.29,947.1258
9796.365,203.641
8483.359,963.3285
8599.731,711.1337
8645.485,424.93359999999996
8289.401,605.7668000000001
8428.306,434.6202
8778.21,612.4907
9824.816,574.3435
10.022549999999999,331.89840000000004
9591.866,463.6137
8324.262,1201.097
9425.922,1393.996
8573.834,354.1778
8267.82,286.0955
7839.578,845.7932
9173.927,860.8468
8734.646,1105.895
7436.194,1013.94
7754.166,388.82340000000005
7870.932,1943.244
8640.172,1399.068
8167.458,666.3228
8655.587,457.1971
8324.262,1201.097
9234.268,600.8649
9382.867,656.7697
9002.457,806.9531
8410.967,635.8770999999999
8030.26,354.96509999999995
9804.835,696.3056
9988.471,344.5667
8419.525,450.3432
8756.075,603.39
7408.022,439.4875
8442.506,1250.406
7611.636,624.5473000000001
8982.524,775.3613
8555.45,649.2538000000001
8248.671,522.2564
9557.935,1096.339
8816.539,246.22220000000002
9808.737,173.801
8650.361,481.461
9287.897,696.5108
9289.155,761.8905
9482.573,386.02959999999996
9106.884,240.7188
9482.573,386.02959999999996
8239.067,1113.511
8289.148,1075.8
8146.941,831.4329
7927.848,911.3144
8920.249,198.92829999999998
8858.9,641.8325
9.835084,216.5856
9350.223,323.089
8188.336,511.1014
8588.652,628.3399000000001
9017.335,660.2061
7385.202,897.5286
8017.575,788.3923000000001
7882.261,220.22039999999998
7579.748,282.56329999999997
9931.493,233.5592
8838.037,1250.558
8257.556,707.818
7958.216,1794.97
8308.046,884.6961
8555.219,1051.918
8930.739,774.5893000000001
8123.468,1130.892
9397.831,891.0991
8389.66,1756.607
7066.985,648.4284
8290.802,678.9126
8538.08,808.5077
8581.502,988.0367
9088.071,589.5664
8080.704,534.237
9316.19,860.9831999999999
8381.866,302.4108
7862.596,1028.483
8653.557,812.8661
9373.958,183.9026
7909.437,1127.403
8973.567,167.8243
8525.288,544.8465
8991.271,511.3635
9536.05,418.43059999999997
9397.268,821.4263000000001
9840.457,618.0600999999999
8848.242,636.161
9.947555,688.2725
8492.989,445.1825
8334.758,766.7547
8718.53,291.2733
7268.307,570.6182
8802.981,362.802
7472.843,434.7663
7611.636,624.5473000000001
8077.587,958.515
8795.323,271.95590000000004
8174.533,1290.262
7847.983,766.5681
8384.894,803.5408
8442.506,1250.406
8021.956,1662.145
9373.905,1092.997
9152.837,715.7461999999999
8947.26,497.7041
7764.702,1163.791
7478.277,696.7971
8253.948,300.6046
7691.145,671.3135
8490.095,730.1376
8506.289,1031.508
9644.083,859.2398000000001
8560.437,856.1774
9447.275,456.5026
8756.075,603.39
9002.918,295.96479999999997
8634.902,321.8506
9658.747,320.8105
9805.986,236.7509
7985.806,576.8991
8438.163,768.9433
8100.034,680.0146
8655.842,715.4318000000001
8510.474,1469.627
9475.296,370.3614
9206.544,347.38
8425.437,1621.101
8257.097,891.7351
7331.427,1264.239
7875.48,1087.954
8078.505,771.9029
8614.88,762.4596
8996.143,539.6696
8407.623,514.0183
9.915181,470.67240000000004
8641.807,1083.444
9304.167,377.00390000000004
9556.245,635.8443000000001
8740.572,577.0731
8219.359,1237.639
8930.739,774.5893000000001
8878.245,596.3297
9595.518,186.904
8157.817,801.4569
9398.325,201.6004
9911.921,453.9268
9042.734,559.8859
9281.96,1102.709
7735.371,661.6579
8013.737,774.4175
9285.503,453.0017
8991.102,697.7305
8896.672,661.9937
9608.798,683.9276
8628.851,582.2358
8522.792,751.7315
8772.588,483.1904
9204.475,328.5618
8230.61,1083.786
8505.154,240.34429999999998
8263.886,658.5037
9351.048,923.3035
8391.543,711.3512
8476.449,672.9946
9650.569,594.667
8933.236,757.9295999999999
8253.598,459.389
9466.409,342.87559999999996
7105.976,847.9954
9160.384,598.9177
8733.59,520.4609
8867.779,1135.318
8822.45,976.6054
8831.395,419.7482
8578.804,371.1776
8565.321,298.326
7914.308,905.5901
8689.071,724.6821
7870.932,1943.244
8239.067,1113.511
8560.437,856.1774
8521.233,633.4165
8994.731,431.40409999999997
9767.81,1269.57
8927.439,386.14279999999997
7602.828,1283.29
9731.092,362.09590000000003
8301.847,913.0842
7911.316,827.9473
8257.365,523.829
9599.45,862.0715
8419.945,1106.884
8180.027,1141.711
9205.104,847.1683
8011.231,688.0476
8239.915,401.2017
10.03936,372.61859999999996
9884.177,397.8652
8799.461,1187.943
9536.629,636.2003000000001
7587.201,801.1025
8834.768,690.0695
7851.113,1114.489
9281.96,1102.709
8668.771,635.2615999999999
8784.029,1026.815
7663.339,1564.339
8803.291,548.6510999999999
9209.752,559.7286
8422.005,571.344
8235.031,668.6093000000001
8893.041,455.8737
8707.769,649.9719
9505.801,1029.34
8933.236,757.9295999999999
9.799307,568.043
9374.588,472.802
9282.311,964.3953
9490.802,339.36920000000003
8981.915,826.1173
7784.713,903.3145
7817.83,848.6555
8935.132,999.0435
8143.679,847.8143
8443.715,588.729
8683.982,719.1023
8811.707,914.4766999999999
8605.78,459.7055
8829.125,1136.325
9630.046,1029.779
9773.931,220.5008
8972.036,721.8384
8625.812,590.4666
9372.777,760.4250999999999
9537.523,698.4406
8253.598,459.389
9031.56,387.093
7992.496,1305.675
9728.325,407.8715
9616.682,558.5241
8392.555,352.3052
8324.052,1449.415
8668.469,1249.739
9266.549,855.7216999999999
6839.942,672.3355
8560.437,856.1774
8798.722,582.8856
9068.639,249.7963
9804.285,631.5444
7830.689,754.6735
8983.974,1384.478
9545.027,553.8371
8727.364,573.8806999999999
10.02033,398.4334
7322.332,1018.518
7402.238,862.6791
8426.653,235.0576
8736.063,555.7556
8795.323,271.95590000000004
8674.51,243.5279
8660.322,556.9935
8219.359,1237.639
8563.805,1007.363
8758.463,324.50079999999997
9452.108,184.4389
9398.896,690.0973
7834.641,984.4405
9852.639,812.2024
8447.353,811.85
7767.507,482.94
7760.557,1414.291
7032.727,735.2168
8813.195,815.7993
9191.801,368.9448
8924.911,715.1074
8640.972,941.504
9723.7,727.8969000000001
9657.786,174.3498
7478.607,924.969
8317.47,1550.524
8552.539,224.1662
8439.993,360.0484
9278.886,281.9065
9796.365,203.641
9965.216,733.5048
8216.484,1006.243
9365.387,337.9497
9456.144,764.341
9584.069,363.7277
8836.156,273.442
8188.336,511.1014
7966.327,582.9533
9593.697,678.8085
7967.692,1083.447
8827.323,1021.921
7691.129,992.4343
8732.451,375.1505
7789.276,1196.097
7428.23,642.07
9248.552,306.5777
8348.202,1246.61
8548.407,847.0446999999999
9700.67,335.39529999999996
7839.578,845.7932
9537.523,698.4406
8821.174,1208.09
8355.167,1221.987
9493.254,701.7095
8606.811,264.8621
9011.834,283.7094
8825.68,641.8593000000001
8294.808,1095.431
9259.814,1079.745
9.962235,197.0251
7474.283,271.90909999999997
8821.174,1208.09
9993.031,269.6058
8169.706,1169.55
8713.38,577.8279
7790.923,729.9569
8624.243,578.6605
8787.706,1025.992
7295.488,1034.741
8836.156,273.442
8819.906,997.8446
9537.22,174.6261
9259.439,391.60720000000003
8855.212,287.8188
9834.37,772.2048000000001
9684.986,891.786
8334.758,766.7547
7790.923,729.9569
7621.876,1294.728
7232.56,1531.178
7870.932,1943.244
7494.834,493.4688
8603.248,572.9719
9742.844,254.9776
7760.186,1099.919
8143.981,728.4333
9011.834,283.7094
7950.924,927.5716
8494.088,471.5295
9218.106,275.51570000000004
9064.829,752.1603
8734.811,670.5371
9808.737,173.801
8249.634,704.5528
9420.169,1262.036
9182.095,610.3611
8320.199,589.2133
8966.255,917.0071999999999
8389.801,975.8958
9385.032,698.2601
8786.214,259.1486
9681.241,343.62640000000005
9050.092,531.6911
7615.283,659.0896
8654.619,252.1599
7953.916,599.2594
8135.802,520.4522000000001
9557.935,1096.339
9.960341,295.6569
9545.027,553.8371
8303.661,920.0643
8130.465,430.9645
8772.783,840.1571
8543.081,1332.572
9149.267,612.3725999999999
9191.514,1190.113
9728.325,407.8715
9731.092,362.09590000000003
8564.565,579.3068000000001
8652.417,410.84929999999997
8101.557,1191.937
9486.356,336.0942
7617.502,1398.356
7270.79,821.2727
9088.292,326.7278
8512.607,265.9399
9717.97,505.2828
9148.122,982.9925999999999
9689.445,727.0268000000001
7981.651,860.4385
7424.325,1133.585
9466.236,250.1709
8708.465,1077.881
9160.677,505.0111
9307.291,539.9645
8684.775,758.1006
7588.829,609.0271
8659.894,560.6807
9993.031,269.6058
8889.542,1080.837
8685.307,848.8305
8463.456,451.394
9804.285,631.5444
9539.227,432.0918
7494.317,272.2524
7768.897,1012.601
8792.685,522.7062999999999
8758.192,600.9996
7754.455,450.9796
9767.81,1269.57
8434.04,1490.735
8143.981,728.4333
9062.026,764.898
8811.707,914.4766999999999
9279.134,362.5883
9616.112,905.6814
9042.734,559.8859
8441.729,409.1344
8675.504,1089.101
8707.493,212.8992
8159.21,1083.049
8850.903,564.9993000000001
9039.672,504.491
9332.711,907.0113
8721.132,985.9631999999999
7385.202,897.5286
8588.763,603.8843
9126.112,559.278
8640.972,941.504
9265.744,365.6112
7809.083,761.5235
9648.426,819.4390999999999
8184.213,951.8786
7421.711,1332.694
8982.716,774.5266
8945.843,276.3397
10.014299999999999,327.27479999999997
9155.607,470.89009999999996
10.09141,323.5161
9311.11,1142.46
9615.037,372.0457
8482.819,675.0449
8188.336,511.1014
8655.318,233.19529999999997
9100.881,328.09090000000003
8391.543,711.3512
8666.61,385.8495
7602.828,1283.29
8441.729,409.1344
9217.823,837.0919
9651.077,1109.316
8352.587,536.7976
9589.116,637.8098
8097.858,1186.725
8998.887,1138.125
8827.323,1021.921
9169.675,399.4926
8748.801,383.9164
8539.032,772.8898
8694.754,481.4693
8037.912,1000.457
9118.843,517.898
8422.005,571.344
8640.748,1238.26
8878.065,521.7781
9689.947,656.1401
9288.939,351.0318
8253.948,300.6046
9837.986,609.5198
9351.048,923.3035
7477.077,927.5362
9173.927,860.8468
8924.911,715.1074
9096.103,596.4837
8678.401,411.80879999999996
9435.761,332.835
9228.262,1271.542
7870.768,714.0586999999999
8163.4,455.15340000000003
9.808767,582.8421
8582.804,423.0699
8995.973,470.6949
8492.056,1062.4
8855.499,1352.262
8863.811,446.42859999999996
7704.387,392.521
8625.812,590.4666
9505.929,767.5313000000001
8799.461,1187.943
7495.306,683.6161999999999
9229.718,404.7207
8667.588,387.4008
8851.238,305.4884
8820.791,461.2625
9178.301,652.377
8640.748,1238.26
9716.317,767.4983000000001
7421.711,1332.694
9720.892,204.0974
8792.685,522.7062999999999
9357.033,712.8434
8552.539,224.1662
10.08389,152.1464
7952.258,1109.479
8674.51,243.5279
8033.419,1788.991
9428.613,390.65729999999996
8970.425,682.2908
8603.46,1238.352
9117.125,583.8594
8820.791,461.2625
9491.397,601.6320999999999
7847.983,766.5681
9397.268,821.4263000000001
9422.725,854.365
8962.223,1073.947
8810.397,1330.423
9571.737,520.1367
9218.106,275.51570000000004
7973.328,310.39259999999996
8488.274,850.4631999999999
8893.814,1223.766
8978.444,970.0244
8703.755,294.897
9173.927,860.8468
8398.227,826.7764
9039.672,504.491
8700.379,776.9399000000001
9434.124,306.3361
9537.22,174.6261
8610.554,387.7535
7719.334,661.4522
8980.797,245.539
8017.575,788.3923000000001
8739.658,578.3095
8730.93,962.7676
8790.703,520.1034000000001
7962.687,575.9445
8681.784,871.4293
8410.967,635.8770999999999
9881.671,654.4423
7588.829,609.0271
7760.557,1414.291
8501.507,432.1878
7390.22,1070.216
8381.866,302.4108
8101.557,1191.937
8983.917,1040.547
7742.384,1035.083
8839.998,1281.09
9117.125,583.8594
9731.092,362.09590000000003
9458.942,456.9962
8465.82,859.5375
7532.653,518.7701
7336.307,963.0781999999999
8983.79,221.7964
8701.667,361.8109
7784.713,903.3145
9716.317,767.4983000000001
8482.145,569.2018
